Table,Row,Description,features
application,SK_ID_CURR,ID of loan in our sample,SK_ID_CURR
application,TARGET,"Target variable (1 - client with payment difficulties: he/she had late payment more than X days on at least one of the first Y installments of the loan in our sample, 0 - all other cases)",TARGET
application,NAME_CONTRACT_TYPE,Identification if loan is cash or revolving,NAME_CONTRACT_TYPE
application,CODE_GENDER,Gender of the client,CODE_GENDER
application,FLAG_OWN_CAR,Flag if the client owns a car,FLAG_OWN_CAR
application,FLAG_OWN_REALTY,Flag if client owns a house or flat,FLAG_OWN_REALTY
application,CNT_CHILDREN,Number of children the client has,CNT_CHILDREN
application,AMT_INCOME_TOTAL,Income of the client,AMT_INCOME_TOTAL
application,AMT_CREDIT,Credit amount of the loan,AMT_CREDIT
application,AMT_ANNUITY,Loan annuity,AMT_ANNUITY
application,AMT_GOODS_PRICE,For consumer loans it is the price of the goods for which the loan is given,AMT_GOODS_PRICE
application,NAME_TYPE_SUITE,Who was accompanying client when he was applying for the loan,NAME_TYPE_SUITE
application,NAME_INCOME_TYPE,"Clients income type (businessman, working, maternity leave,)",NAME_INCOME_TYPE
application,NAME_EDUCATION_TYPE,Level of highest education the client achieved,NAME_EDUCATION_TYPE
application,NAME_FAMILY_STATUS,Family status of the client,NAME_FAMILY_STATUS
application,NAME_HOUSING_TYPE,"What is the housing situation of the client (renting, living with parents, ...)",NAME_HOUSING_TYPE
application,REGION_POPULATION_RELATIVE,Normalized population of region where client lives (higher number means the client lives in more populated region),REGION_POPULATION_RELATIVE
application,DAYS_BIRTH,Client's age in days at the time of application,DAYS_BIRTH
application,DAYS_EMPLOYED,How many days before the application the person started current employment,DAYS_EMPLOYED
application,DAYS_REGISTRATION,How many days before the application did client change his registration,DAYS_REGISTRATION
application,DAYS_ID_PUBLISH,How many days before the application did client change the identity document with which he applied for the loan,DAYS_ID_PUBLISH
application,OWN_CAR_AGE,Age of client's car,OWN_CAR_AGE
application,FLAG_MOBIL,"Did client provide mobile phone (1=YES, 0=NO)",FLAG_MOBIL
application,FLAG_EMP_PHONE,"Did client provide work phone (1=YES, 0=NO)",FLAG_EMP_PHONE
application,FLAG_WORK_PHONE,"Did client provide home phone (1=YES, 0=NO)",FLAG_WORK_PHONE
application,FLAG_CONT_MOBILE,"Was mobile phone reachable (1=YES, 0=NO)",FLAG_CONT_MOBILE
application,FLAG_PHONE,"Did client provide home phone (1=YES, 0=NO)",FLAG_PHONE
application,FLAG_EMAIL,"Did client provide email (1=YES, 0=NO)",FLAG_EMAIL
application,OCCUPATION_TYPE,What kind of occupation does the client have,OCCUPATION_TYPE
application,CNT_FAM_MEMBERS,How many family members does client have,CNT_FAM_MEMBERS
application,REGION_RATING_CLIENT,"Our rating of the region where client lives (1,2,3)",REGION_RATING_CLIENT
application,REGION_RATING_CLIENT_W_CITY,"Our rating of the region where client lives with taking city into account (1,2,3)",REGION_RATING_CLIENT_W_CITY
application,WEEKDAY_APPR_PROCESS_START,On which day of the week did the client apply for the loan,WEEKDAY_APPR_PROCESS_START
application,HOUR_APPR_PROCESS_START,Approximately at what hour did the client apply for the loan,HOUR_APPR_PROCESS_START
application,REG_REGION_NOT_LIVE_REGION,"Flag if client's permanent address does not match contact address (1=different, 0=same, at region level)",REG_REGION_NOT_LIVE_REGION
application,REG_REGION_NOT_WORK_REGION,"Flag if client's permanent address does not match work address (1=different, 0=same, at region level)",REG_REGION_NOT_WORK_REGION
application,LIVE_REGION_NOT_WORK_REGION,"Flag if client's contact address does not match work address (1=different, 0=same, at region level)",LIVE_REGION_NOT_WORK_REGION
application,REG_CITY_NOT_LIVE_CITY,"Flag if client's permanent address does not match contact address (1=different, 0=same, at city level)",REG_CITY_NOT_LIVE_CITY
application,REG_CITY_NOT_WORK_CITY,"Flag if client's permanent address does not match work address (1=different, 0=same, at city level)",REG_CITY_NOT_WORK_CITY
application,LIVE_CITY_NOT_WORK_CITY,"Flag if client's contact address does not match work address (1=different, 0=same, at city level)",LIVE_CITY_NOT_WORK_CITY
application,ORGANIZATION_TYPE,Type of organization where client works,ORGANIZATION_TYPE
application,EXT_SOURCE_1,Normalized score from external data source,EXT_SOURCE_1
application,EXT_SOURCE_2,Normalized score from external data source,EXT_SOURCE_2
application,EXT_SOURCE_3,Normalized score from external data source,EXT_SOURCE_3
application,APARTMENTS_AVG,"Normalized information about building where the client lives, What is average (_AVG suffix), modus (_MODE suffix), median (_MEDI suffix) apartment size, common area, living area, age of building, number of elevators, number of entrances, state of the building, number of floor",APARTMENTS_AVG
application,BASEMENTAREA_AVG,"Normalized information about building where the client lives, What is average (_AVG suffix), modus (_MODE suffix), median (_MEDI suffix) apartment size, common area, living area, age of building, number of elevators, number of entrances, state of the building, number of floor",BASEMENTAREA_AVG
application,YEARS_BEGINEXPLUATATION_AVG,"Normalized information about building where the client lives, What is average (_AVG suffix), modus (_MODE suffix), median (_MEDI suffix) apartment size, common area, living area, age of building, number of elevators, number of entrances, state of the building, number of floor",YEARS_BEGINEXPLUATATION_AVG
application,YEARS_BUILD_AVG,"Normalized information about building where the client lives, What is average (_AVG suffix), modus (_MODE suffix), median (_MEDI suffix) apartment size, common area, living area, age of building, number of elevators, number of entrances, state of the building, number of floor",YEARS_BUILD_AVG
application,COMMONAREA_AVG,"Normalized information about building where the client lives, What is average (_AVG suffix), modus (_MODE suffix), median (_MEDI suffix) apartment size, common area, living area, age of building, number of elevators, number of entrances, state of the building, number of floor",COMMONAREA_AVG
application,ELEVATORS_AVG,"Normalized information about building where the client lives, What is average (_AVG suffix), modus (_MODE suffix), median (_MEDI suffix) apartment size, common area, living area, age of building, number of elevators, number of entrances, state of the building, number of floor",ELEVATORS_AVG
application,ENTRANCES_AVG,"Normalized information about building where the client lives, What is average (_AVG suffix), modus (_MODE suffix), median (_MEDI suffix) apartment size, common area, living area, age of building, number of elevators, number of entrances, state of the building, number of floor",ENTRANCES_AVG
application,FLOORSMAX_AVG,"Normalized information about building where the client lives, What is average (_AVG suffix), modus (_MODE suffix), median (_MEDI suffix) apartment size, common area, living area, age of building, number of elevators, number of entrances, state of the building, number of floor",FLOORSMAX_AVG
application,FLOORSMIN_AVG,"Normalized information about building where the client lives, What is average (_AVG suffix), modus (_MODE suffix), median (_MEDI suffix) apartment size, common area, living area, age of building, number of elevators, number of entrances, state of the building, number of floor",FLOORSMIN_AVG
application,LANDAREA_AVG,"Normalized information about building where the client lives, What is average (_AVG suffix), modus (_MODE suffix), median (_MEDI suffix) apartment size, common area, living area, age of building, number of elevators, number of entrances, state of the building, number of floor",LANDAREA_AVG
application,LIVINGAPARTMENTS_AVG,"Normalized information about building where the client lives, What is average (_AVG suffix), modus (_MODE suffix), median (_MEDI suffix) apartment size, common area, living area, age of building, number of elevators, number of entrances, state of the building, number of floor",LIVINGAPARTMENTS_AVG
application,LIVINGAREA_AVG,"Normalized information about building where the client lives, What is average (_AVG suffix), modus (_MODE suffix), median (_MEDI suffix) apartment size, common area, living area, age of building, number of elevators, number of entrances, state of the building, number of floor",LIVINGAREA_AVG
application,NONLIVINGAPARTMENTS_AVG,"Normalized information about building where the client lives, What is average (_AVG suffix), modus (_MODE suffix), median (_MEDI suffix) apartment size, common area, living area, age of building, number of elevators, number of entrances, state of the building, number of floor",NONLIVINGAPARTMENTS_AVG
application,NONLIVINGAREA_AVG,"Normalized information about building where the client lives, What is average (_AVG suffix), modus (_MODE suffix), median (_MEDI suffix) apartment size, common area, living area, age of building, number of elevators, number of entrances, state of the building, number of floor",NONLIVINGAREA_AVG
application,APARTMENTS_MODE,"Normalized information about building where the client lives, What is average (_AVG suffix), modus (_MODE suffix), median (_MEDI suffix) apartment size, common area, living area, age of building, number of elevators, number of entrances, state of the building, number of floor",APARTMENTS_MODE
application,BASEMENTAREA_MODE,"Normalized information about building where the client lives, What is average (_AVG suffix), modus (_MODE suffix), median (_MEDI suffix) apartment size, common area, living area, age of building, number of elevators, number of entrances, state of the building, number of floor",BASEMENTAREA_MODE
application,YEARS_BEGINEXPLUATATION_MODE,"Normalized information about building where the client lives, What is average (_AVG suffix), modus (_MODE suffix), median (_MEDI suffix) apartment size, common area, living area, age of building, number of elevators, number of entrances, state of the building, number of floor",YEARS_BEGINEXPLUATATION_MODE
application,YEARS_BUILD_MODE,"Normalized information about building where the client lives, What is average (_AVG suffix), modus (_MODE suffix), median (_MEDI suffix) apartment size, common area, living area, age of building, number of elevators, number of entrances, state of the building, number of floor",YEARS_BUILD_MODE
application,COMMONAREA_MODE,"Normalized information about building where the client lives, What is average (_AVG suffix), modus (_MODE suffix), median (_MEDI suffix) apartment size, common area, living area, age of building, number of elevators, number of entrances, state of the building, number of floor",COMMONAREA_MODE
application,ELEVATORS_MODE,"Normalized information about building where the client lives, What is average (_AVG suffix), modus (_MODE suffix), median (_MEDI suffix) apartment size, common area, living area, age of building, number of elevators, number of entrances, state of the building, number of floor",ELEVATORS_MODE
application,ENTRANCES_MODE,"Normalized information about building where the client lives, What is average (_AVG suffix), modus (_MODE suffix), median (_MEDI suffix) apartment size, common area, living area, age of building, number of elevators, number of entrances, state of the building, number of floor",ENTRANCES_MODE
application,FLOORSMAX_MODE,"Normalized information about building where the client lives, What is average (_AVG suffix), modus (_MODE suffix), median (_MEDI suffix) apartment size, common area, living area, age of building, number of elevators, number of entrances, state of the building, number of floor",FLOORSMAX_MODE
application,FLOORSMIN_MODE,"Normalized information about building where the client lives, What is average (_AVG suffix), modus (_MODE suffix), median (_MEDI suffix) apartment size, common area, living area, age of building, number of elevators, number of entrances, state of the building, number of floor",FLOORSMIN_MODE
application,LANDAREA_MODE,"Normalized information about building where the client lives, What is average (_AVG suffix), modus (_MODE suffix), median (_MEDI suffix) apartment size, common area, living area, age of building, number of elevators, number of entrances, state of the building, number of floor",LANDAREA_MODE
application,LIVINGAPARTMENTS_MODE,"Normalized information about building where the client lives, What is average (_AVG suffix), modus (_MODE suffix), median (_MEDI suffix) apartment size, common area, living area, age of building, number of elevators, number of entrances, state of the building, number of floor",LIVINGAPARTMENTS_MODE
application,LIVINGAREA_MODE,"Normalized information about building where the client lives, What is average (_AVG suffix), modus (_MODE suffix), median (_MEDI suffix) apartment size, common area, living area, age of building, number of elevators, number of entrances, state of the building, number of floor",LIVINGAREA_MODE
application,NONLIVINGAPARTMENTS_MODE,"Normalized information about building where the client lives, What is average (_AVG suffix), modus (_MODE suffix), median (_MEDI suffix) apartment size, common area, living area, age of building, number of elevators, number of entrances, state of the building, number of floor",NONLIVINGAPARTMENTS_MODE
application,NONLIVINGAREA_MODE,"Normalized information about building where the client lives, What is average (_AVG suffix), modus (_MODE suffix), median (_MEDI suffix) apartment size, common area, living area, age of building, number of elevators, number of entrances, state of the building, number of floor",NONLIVINGAREA_MODE
application,APARTMENTS_MEDI,"Normalized information about building where the client lives, What is average (_AVG suffix), modus (_MODE suffix), median (_MEDI suffix) apartment size, common area, living area, age of building, number of elevators, number of entrances, state of the building, number of floor",APARTMENTS_MEDI
application,BASEMENTAREA_MEDI,"Normalized information about building where the client lives, What is average (_AVG suffix), modus (_MODE suffix), median (_MEDI suffix) apartment size, common area, living area, age of building, number of elevators, number of entrances, state of the building, number of floor",BASEMENTAREA_MEDI
application,YEARS_BEGINEXPLUATATION_MEDI,"Normalized information about building where the client lives, What is average (_AVG suffix), modus (_MODE suffix), median (_MEDI suffix) apartment size, common area, living area, age of building, number of elevators, number of entrances, state of the building, number of floor",YEARS_BEGINEXPLUATATION_MEDI
application,YEARS_BUILD_MEDI,"Normalized information about building where the client lives, What is average (_AVG suffix), modus (_MODE suffix), median (_MEDI suffix) apartment size, common area, living area, age of building, number of elevators, number of entrances, state of the building, number of floor",YEARS_BUILD_MEDI
application,COMMONAREA_MEDI,"Normalized information about building where the client lives, What is average (_AVG suffix), modus (_MODE suffix), median (_MEDI suffix) apartment size, common area, living area, age of building, number of elevators, number of entrances, state of the building, number of floor",COMMONAREA_MEDI
application,ELEVATORS_MEDI,"Normalized information about building where the client lives, What is average (_AVG suffix), modus (_MODE suffix), median (_MEDI suffix) apartment size, common area, living area, age of building, number of elevators, number of entrances, state of the building, number of floor",ELEVATORS_MEDI
application,ENTRANCES_MEDI,"Normalized information about building where the client lives, What is average (_AVG suffix), modus (_MODE suffix), median (_MEDI suffix) apartment size, common area, living area, age of building, number of elevators, number of entrances, state of the building, number of floor",ENTRANCES_MEDI
application,FLOORSMAX_MEDI,"Normalized information about building where the client lives, What is average (_AVG suffix), modus (_MODE suffix), median (_MEDI suffix) apartment size, common area, living area, age of building, number of elevators, number of entrances, state of the building, number of floor",FLOORSMAX_MEDI
application,FLOORSMIN_MEDI,"Normalized information about building where the client lives, What is average (_AVG suffix), modus (_MODE suffix), median (_MEDI suffix) apartment size, common area, living area, age of building, number of elevators, number of entrances, state of the building, number of floor",FLOORSMIN_MEDI
application,LANDAREA_MEDI,"Normalized information about building where the client lives, What is average (_AVG suffix), modus (_MODE suffix), median (_MEDI suffix) apartment size, common area, living area, age of building, number of elevators, number of entrances, state of the building, number of floor",LANDAREA_MEDI
application,LIVINGAPARTMENTS_MEDI,"Normalized information about building where the client lives, What is average (_AVG suffix), modus (_MODE suffix), median (_MEDI suffix) apartment size, common area, living area, age of building, number of elevators, number of entrances, state of the building, number of floor",LIVINGAPARTMENTS_MEDI
application,LIVINGAREA_MEDI,"Normalized information about building where the client lives, What is average (_AVG suffix), modus (_MODE suffix), median (_MEDI suffix) apartment size, common area, living area, age of building, number of elevators, number of entrances, state of the building, number of floor",LIVINGAREA_MEDI
application,NONLIVINGAPARTMENTS_MEDI,"Normalized information about building where the client lives, What is average (_AVG suffix), modus (_MODE suffix), median (_MEDI suffix) apartment size, common area, living area, age of building, number of elevators, number of entrances, state of the building, number of floor",NONLIVINGAPARTMENTS_MEDI
application,NONLIVINGAREA_MEDI,"Normalized information about building where the client lives, What is average (_AVG suffix), modus (_MODE suffix), median (_MEDI suffix) apartment size, common area, living area, age of building, number of elevators, number of entrances, state of the building, number of floor",NONLIVINGAREA_MEDI
application,FONDKAPREMONT_MODE,"Normalized information about building where the client lives, What is average (_AVG suffix), modus (_MODE suffix), median (_MEDI suffix) apartment size, common area, living area, age of building, number of elevators, number of entrances, state of the building, number of floor",FONDKAPREMONT_MODE
application,HOUSETYPE_MODE,"Normalized information about building where the client lives, What is average (_AVG suffix), modus (_MODE suffix), median (_MEDI suffix) apartment size, common area, living area, age of building, number of elevators, number of entrances, state of the building, number of floor",HOUSETYPE_MODE
application,TOTALAREA_MODE,"Normalized information about building where the client lives, What is average (_AVG suffix), modus (_MODE suffix), median (_MEDI suffix) apartment size, common area, living area, age of building, number of elevators, number of entrances, state of the building, number of floor",TOTALAREA_MODE
application,WALLSMATERIAL_MODE,"Normalized information about building where the client lives, What is average (_AVG suffix), modus (_MODE suffix), median (_MEDI suffix) apartment size, common area, living area, age of building, number of elevators, number of entrances, state of the building, number of floor",WALLSMATERIAL_MODE
application,EMERGENCYSTATE_MODE,"Normalized information about building where the client lives, What is average (_AVG suffix), modus (_MODE suffix), median (_MEDI suffix) apartment size, common area, living area, age of building, number of elevators, number of entrances, state of the building, number of floor",EMERGENCYSTATE_MODE
application,OBS_30_CNT_SOCIAL_CIRCLE,How many observation of client's social surroundings with observable 30 DPD (days past due) default,OBS_30_CNT_SOCIAL_CIRCLE
application,DEF_30_CNT_SOCIAL_CIRCLE,How many observation of client's social surroundings defaulted on 30 DPD (days past due) ,DEF_30_CNT_SOCIAL_CIRCLE
application,OBS_60_CNT_SOCIAL_CIRCLE,How many observation of client's social surroundings with observable 60 DPD (days past due) default,OBS_60_CNT_SOCIAL_CIRCLE
application,DEF_60_CNT_SOCIAL_CIRCLE,How many observation of client's social surroundings defaulted on 60 (days past due) DPD,DEF_60_CNT_SOCIAL_CIRCLE
application,DAYS_LAST_PHONE_CHANGE,How many days before application did client change phone,DAYS_LAST_PHONE_CHANGE
application,FLAG_DOCUMENT_2,Did client provide document 2,FLAG_DOCUMENT_2
application,FLAG_DOCUMENT_3,Did client provide document 3,FLAG_DOCUMENT_3
application,FLAG_DOCUMENT_4,Did client provide document 4,FLAG_DOCUMENT_4
application,FLAG_DOCUMENT_5,Did client provide document 5,FLAG_DOCUMENT_5
application,FLAG_DOCUMENT_6,Did client provide document 6,FLAG_DOCUMENT_6
application,FLAG_DOCUMENT_7,Did client provide document 7,FLAG_DOCUMENT_7
application,FLAG_DOCUMENT_8,Did client provide document 8,FLAG_DOCUMENT_8
application,FLAG_DOCUMENT_9,Did client provide document 9,FLAG_DOCUMENT_9
application,FLAG_DOCUMENT_10,Did client provide document 10,FLAG_DOCUMENT_10
application,FLAG_DOCUMENT_11,Did client provide document 11,FLAG_DOCUMENT_11
application,FLAG_DOCUMENT_12,Did client provide document 12,FLAG_DOCUMENT_12
application,FLAG_DOCUMENT_13,Did client provide document 13,FLAG_DOCUMENT_13
application,FLAG_DOCUMENT_14,Did client provide document 14,FLAG_DOCUMENT_14
application,FLAG_DOCUMENT_15,Did client provide document 15,FLAG_DOCUMENT_15
application,FLAG_DOCUMENT_16,Did client provide document 16,FLAG_DOCUMENT_16
application,FLAG_DOCUMENT_17,Did client provide document 17,FLAG_DOCUMENT_17
application,FLAG_DOCUMENT_18,Did client provide document 18,FLAG_DOCUMENT_18
application,FLAG_DOCUMENT_19,Did client provide document 19,FLAG_DOCUMENT_19
application,FLAG_DOCUMENT_20,Did client provide document 20,FLAG_DOCUMENT_20
application,FLAG_DOCUMENT_21,Did client provide document 21,FLAG_DOCUMENT_21
application,AMT_REQ_CREDIT_BUREAU_HOUR,Number of enquiries to Credit Bureau about the client one hour before application,AMT_REQ_CREDIT_BUREAU_HOUR
application,AMT_REQ_CREDIT_BUREAU_DAY,Number of enquiries to Credit Bureau about the client one day before application (excluding one hour before application),AMT_REQ_CREDIT_BUREAU_DAY
application,AMT_REQ_CREDIT_BUREAU_WEEK,Number of enquiries to Credit Bureau about the client one week before application (excluding one day before application),AMT_REQ_CREDIT_BUREAU_WEEK
application,AMT_REQ_CREDIT_BUREAU_MON,Number of enquiries to Credit Bureau about the client one month before application (excluding one week before application),AMT_REQ_CREDIT_BUREAU_MON
application,AMT_REQ_CREDIT_BUREAU_QRT,Number of enquiries to Credit Bureau about the client 3 month before application (excluding one month before application),AMT_REQ_CREDIT_BUREAU_QRT
application,AMT_REQ_CREDIT_BUREAU_YEAR,Number of enquiries to Credit Bureau about the client one day year (excluding last 3 months before application),AMT_REQ_CREDIT_BUREAU_YEAR
bureau.csv,SK_ID_CURR,"ID of loan in our sample - one loan in our sample can have 0,1,2 or more related previous credits in credit bureau ",
bureau.csv,SK_BUREAU_ID,Recoded ID of previous Credit Bureau credit related to our loan (unique coding for each loan application),
bureau.csv,CREDIT_ACTIVE,Status of the Credit Bureau (CB) reported credits,
bureau.csv,CREDIT_CURRENCY,Recoded currency of the Credit Bureau credit,
bureau.csv,DAYS_CREDIT,How many days before current application did client apply for Credit Bureau credit,
bureau.csv,CREDIT_DAY_OVERDUE,Number of days past due on CB credit at the time of application for related loan in our sample,
bureau.csv,DAYS_CREDIT_ENDDATE,Remaining duration of CB credit (in days) at the time of application in Home Credit,
bureau.csv,DAYS_ENDDATE_FACT,Days since CB credit ended at the time of application in Home Credit (only for closed credit),
bureau.csv,AMT_CREDIT_MAX_OVERDUE,Maximal amount overdue on the Credit Bureau credit so far (at application date of loan in our sample),
bureau.csv,CNT_CREDIT_PROLONG,How many times was the Credit Bureau credit prolonged,
bureau.csv,AMT_CREDIT_SUM,Current credit amount for the Credit Bureau credit,
bureau.csv,AMT_CREDIT_SUM_DEBT,Current debt on Credit Bureau credit,
bureau.csv,AMT_CREDIT_SUM_LIMIT,Current credit limit of credit card reported in Credit Bureau,
bureau.csv,AMT_CREDIT_SUM_OVERDUE,Current amount overdue on Credit Bureau credit,
bureau.csv,CREDIT_TYPE,"Type of Credit Bureau credit (Car, cash,...)",
bureau.csv,DAYS_CREDIT_UPDATE,How many days before loan application did last information about the Credit Bureau credit come,
bureau.csv,AMT_ANNUITY,Annuity of the Credit Bureau credit,
bureau,SK_BUREAU_ID,Recoded ID of Credit Bureau credit (unique coding for each application) - use this to join to CREDIT_BUREAU table ,BURO_SK_BUREAU_ID
bureau,MONTHS_BALANCE,Month of balance relative to application date (-1 means the freshest balance date),BURO_MONTHS_BALANCE
bureau,STATUS,"Status of Credit Bureau loan during the month (active, closed, DPD0-30, [C means closed, X means status unknown, 0 means no DPD, 1 means maximal did during month between 1-30, 2 means DPD 31-60, 5 means DPD 120+ or sold or written off ] )",BURO_STATUS
POS,SK_ID_PREV ,"ID of previous credit in Home Credit related to loan in our sample. (One loan in our sample can have 0,1,2 or more previous loans in Home Credit)",POS_SK_ID_PREV 
POS,SK_ID_CURR,ID of loan in our sample,POS_SK_ID_CURR
POS,MONTHS_BALANCE,"Month of balance relative to application date (-1 means the information to the freshest monthly snapshot, 0 means the information at application - often it will be the same as -1 as many banks are not updating the information to Credit Bureau regularly )",POS_MONTHS_BALANCE
POS,CNT_INSTALMENT,Term of previous credit (can change over time),POS_CNT_INSTALMENT
POS,CNT_INSTALMENT_FUTURE,Installments left to pay on the previous credit,POS_CNT_INSTALMENT_FUTURE
POS,NAME_CONTRACT_STATUS,Contract status during the month,POS_NAME_CONTRACT_STATUS
POS,SK_DPD,DPD (days past due) during the month of previous credit,POS_SK_DPD
POS,SK_DPD_DEF,DPD during the month with tolerance (debts with low loan amounts are ignored) of the previous credit,POS_SK_DPD_DEF
credit,SK_ID_PREV ,"ID of previous credit in Home credit related to loan in our sample. (One loan in our sample can have 0,1,2 or more previous loans in Home Credit)",CC_SK_ID_PREV 
credit,SK_ID_CURR,ID of loan in our sample,CC_SK_ID_CURR
credit,MONTHS_BALANCE,Month of balance relative to application date (-1 means the freshest balance date),CC_MONTHS_BALANCE
credit,AMT_BALANCE,Balance during the month of previous credit,CC_AMT_BALANCE
credit,AMT_CREDIT_LIMIT_ACTUAL,Credit card limit during the month of the previous credit,CC_AMT_CREDIT_LIMIT_ACTUAL
credit,AMT_DRAWINGS_ATM_CURRENT,Amount drawing at ATM during the month of the previous credit,CC_AMT_DRAWINGS_ATM_CURRENT
credit,AMT_DRAWINGS_CURRENT,Amount drawing during the month of the previous credit,CC_AMT_DRAWINGS_CURRENT
credit,AMT_DRAWINGS_OTHER_CURRENT,Amount of other drawings during the month of the previous credit,CC_AMT_DRAWINGS_OTHER_CURRENT
credit,AMT_DRAWINGS_POS_CURRENT,Amount drawing or buying goods during the month of the previous credit,CC_AMT_DRAWINGS_POS_CURRENT
credit,AMT_INST_MIN_REGULARITY,Minimal installment for this month of the previous credit,CC_AMT_INST_MIN_REGULARITY
credit,AMT_PAYMENT_CURRENT,How much did the client pay during the month on the previous credit,CC_AMT_PAYMENT_CURRENT
credit,AMT_PAYMENT_TOTAL_CURRENT,How much did the client pay during the month in total on the previous credit,CC_AMT_PAYMENT_TOTAL_CURRENT
credit,AMT_RECEIVABLE_PRINCIPAL,Amount receivable for principal on the previous credit,CC_AMT_RECEIVABLE_PRINCIPAL
credit,AMT_RECIVABLE,Amount receivable on the previous credit,CC_AMT_RECIVABLE
credit,AMT_TOTAL_RECEIVABLE,Total amount receivable on the previous credit,CC_AMT_TOTAL_RECEIVABLE
credit,CNT_DRAWINGS_ATM_CURRENT,Number of drawings at ATM during this month on the previous credit,CC_CNT_DRAWINGS_ATM_CURRENT
credit,CNT_DRAWINGS_CURRENT,Number of drawings during this month on the previous credit,CC_CNT_DRAWINGS_CURRENT
credit,CNT_DRAWINGS_OTHER_CURRENT,Number of other drawings during this month on the previous credit,CC_CNT_DRAWINGS_OTHER_CURRENT
credit,CNT_DRAWINGS_POS_CURRENT,Number of drawings for goods during this month on the previous credit,CC_CNT_DRAWINGS_POS_CURRENT
credit,CNT_INSTALMENT_MATURE_CUM,Number of paid installments on the previous credit,CC_CNT_INSTALMENT_MATURE_CUM
credit,NAME_CONTRACT_STATUS,"Contract status (active signed,...) on the previous credit",CC_NAME_CONTRACT_STATUS
credit,SK_DPD,DPD (Days past due) during the month on the previous credit,CC_SK_DPD
credit,SK_DPD_DEF,DPD (Days past due) during the month with tolerance (debts with low loan amounts are ignored) of the previous credit,CC_SK_DPD_DEF
previous,SK_ID_PREV ,"ID of previous credit in Home credit related to loan in our sample. (One loan in our sample can have 0,1,2 or more previous loan applications in Home Credit, previous application could, but not necessarily have to lead to credit) ",PREV_SK_ID_PREV 
previous,SK_ID_CURR,ID of loan in our sample,PREV_SK_ID_CURR
previous,NAME_CONTRACT_TYPE,"Contract product type (Cash loan, consumer loan [POS] ,...) of the previous application",PREV_NAME_CONTRACT_TYPE
previous,AMT_ANNUITY,Annuity of previous application,PREV_AMT_ANNUITY
previous,AMT_APPLICATION,For how much credit did client ask on the previous application,PREV_AMT_APPLICATION
previous,AMT_CREDIT,"Final credit amount on the previous application. This differs from AMT_APPLICATION in a way that the AMT_APPLICATION is the amount for which the client initially applied for, but during our approval process he could have received different amount - AMT_CREDIT",PREV_AMT_CREDIT
previous,AMT_DOWN_PAYMENT,Down payment on the previous application,PREV_AMT_DOWN_PAYMENT
previous,AMT_GOODS_PRICE,Goods price of good that client asked for (if applicable) on the previous application,PREV_AMT_GOODS_PRICE
previous,WEEKDAY_APPR_PROCESS_START,On which day of the week did the client apply for previous application,PREV_WEEKDAY_APPR_PROCESS_START
previous,HOUR_APPR_PROCESS_START,Approximately at what day hour did the client apply for the previous application,PREV_HOUR_APPR_PROCESS_START
previous,FLAG_LAST_APPL_PER_CONTRACT,Flag if it was last application for the previous contract. Sometimes by mistake of client or our clerk there could be more applications for one single contract,PREV_FLAG_LAST_APPL_PER_CONTRACT
previous,NFLAG_LAST_APPL_IN_DAY,Flag if the application was the last application per day of the client. Sometimes clients apply for more applications a day. Rarely it could also be error in our system that one application is in the database twice,PREV_NFLAG_LAST_APPL_IN_DAY
previous,NFLAG_MICRO_CASH,Flag Micro finance loan,PREV_NFLAG_MICRO_CASH
previous,RATE_DOWN_PAYMENT,Down payment rate normalized on previous credit,PREV_RATE_DOWN_PAYMENT
previous,RATE_INTEREST_PRIMARY,Interest rate normalized on previous credit,PREV_RATE_INTEREST_PRIMARY
previous,RATE_INTEREST_PRIVILEGED,Interest rate normalized on previous credit,PREV_RATE_INTEREST_PRIVILEGED
previous,NAME_CASH_LOAN_PURPOSE,Purpose of the cash loan,PREV_NAME_CASH_LOAN_PURPOSE
previous,NAME_CONTRACT_STATUS,"Contract status (approved, cancelled, ...) of previous application",PREV_NAME_CONTRACT_STATUS
previous,DAYS_DECISION,Relative to current application when was the decision about previous application made,PREV_DAYS_DECISION
previous,NAME_PAYMENT_TYPE,Payment method that client chose to pay for the previous application,PREV_NAME_PAYMENT_TYPE
previous,CODE_REJECT_REASON,Why was the previous application rejected,PREV_CODE_REJECT_REASON
previous,NAME_TYPE_SUITE,Who accompanied client when applying for the previous application,PREV_NAME_TYPE_SUITE
previous,NAME_CLIENT_TYPE,Was the client old or new client when applying for the previous application,PREV_NAME_CLIENT_TYPE
previous,NAME_GOODS_CATEGORY,What kind of goods did the client apply for in the previous application,PREV_NAME_GOODS_CATEGORY
previous,NAME_PORTFOLIO,"Was the previous application for CASH, POS, CAR, ",PREV_NAME_PORTFOLIO
previous,NAME_PRODUCT_TYPE,Was the previous application x-sell o walk-in,PREV_NAME_PRODUCT_TYPE
previous,CHANNEL_TYPE,Through which channel we acquired the client on the previous application,PREV_CHANNEL_TYPE
previous,SELLERPLACE_AREA,Selling area of seller place of the previous application,PREV_SELLERPLACE_AREA
previous,NAME_SELLER_INDUSTRY,The industry of the seller,PREV_NAME_SELLER_INDUSTRY
previous,CNT_PAYMENT,Term of previous credit at application of the previous application,PREV_CNT_PAYMENT
previous,NAME_YIELD_GROUP,Grouped interest rate into small medium and high of the previous application,PREV_NAME_YIELD_GROUP
previous,PRODUCT_COMBINATION,Detailed product combination of the previous application,PREV_PRODUCT_COMBINATION
previous,DAYS_FIRST_DRAWING,Relative to application date of current application when was the first disbursement of the previous application,PREV_DAYS_FIRST_DRAWING
previous,DAYS_FIRST_DUE,Relative to application date of current application when was the first due supposed to be of the previous application,PREV_DAYS_FIRST_DUE
previous,DAYS_LAST_DUE_1ST_VERSION,Relative to application date of current application when was the first due of the previous application,PREV_DAYS_LAST_DUE_1ST_VERSION
previous,DAYS_LAST_DUE,Relative to application date of current application when was the last due date of the previous application,PREV_DAYS_LAST_DUE
previous,DAYS_TERMINATION,Relative to application date of current application when was the expected termination of the previous application,PREV_DAYS_TERMINATION
previous,NFLAG_INSURED_ON_APPROVAL,Did the client requested insurance during the previous application,PREV_NFLAG_INSURED_ON_APPROVAL
installments,SK_ID_PREV ,"ID of previous credit in Home credit related to loan in our sample. (One loan in our sample can have 0,1,2 or more previous loans in Home Credit)",INST_SK_ID_PREV 
installments,SK_ID_CURR,ID of loan in our sample,INST_SK_ID_CURR
installments,NUM_INSTALMENT_VERSION,Version of installment calendar (0 is for credit card) of previous credit. Change of installment version from month to month signifies that some parameter of payment calendar has changed,INST_NUM_INSTALMENT_VERSION
installments,NUM_INSTALMENT_NUMBER,On which installment we observe payment,INST_NUM_INSTALMENT_NUMBER
installments,DAYS_INSTALMENT,When the installment of previous credit was supposed to be paid (relative to application date of current loan),INST_DAYS_INSTALMENT
installments,DAYS_ENTRY_PAYMENT,When was the installments of previous credit paid actually (relative to application date of current loan),INST_DAYS_ENTRY_PAYMENT
installments,AMT_INSTALMENT,What was the prescribed installment amount of previous credit on this installment,INST_AMT_INSTALMENT
installments,AMT_PAYMENT,What the client actually paid on previous credit on this installment,INST_AMT_PAYMENT
